﻿{"cameraMode":{"drawMode":0,"name":"Shaded","section":"Shading Mode"},"sceneLighting":true,"audioPlay":false,"sceneViewState":{"showFog":true,"showMaterialUpdate":false,"showSkybox":true,"showFlares":true,"showImageEffects":true,"showParticleSystems":true},"in2DMode":false,"pivot":{"x":0.9522676467895508,"y":4.030204772949219,"z":-3.366939067840576},"rotation":{"x":0.27297788858413699,"y":-0.7216716408729553,"z":0.39519003033638,"w":0.4984956979751587},"size":22.896984100341798,"orthographic":false}